{
    "always_top": false,
    "baud": 115200,
    "black_enable": true,
    "col_bg": [
        0.03530000150203705,
        0.10589999705553055,
        0.1607999950647354,
        1.0
    ],
    "col_child_text": [
        1.0,
        1.0,
        1.0,
        0.6000000238418579
    ],
    "col_main": [
        0.0820000022649765,
        0.7179999947547913,
        0.968999981880188,
        1.0
    ],
    "col_ov": [
        0.03519999980926514,
        0.03519999980926514,
        0.07050000131130219,
        0.5
    ],
    "col_tab": [
        0.03519999980926514,
        0.03519999980926514,
        0.07050000131130219,
        0.5
    ],
    "col_text": [
        1.0,
        1.0,
        1.0,
        1.0
    ],
    "com": 3,
    "dump_mmp": true,
    "font_size": 15.0,
    "img_bg": 1,
    "img_lo": 0,
    "ip": "",
    "lang": "zh",
    "last_vis_time_delay": 10,
    "menu_hotkey": 36,
    "plan_a": "config.json",
    "plan_b": "config.json",
    "plan_hotkey": 46,
    "port": "",
    "re_hotkey": 116,
    "render_fps": 0,
    "show_active_list": true,
    "show_hoozi_data": true,
    "update_base_time": 1,
    "uuid": ""
}