[
    {
        "en_name": "G7 Scout",
        "id": "weapon_g7_scout",
        "zh_name": "G7 侦察"
    },
    {
        "en_name": "Kraber",
        "id": "weapon_kraber",
        "zh_name": "克雷贝尔"
    },
    {
        "en_name": "1x HCOG",
        "id": "optic1xhcog",
        "zh_name": "1x HCOG"
    },
    {
        "en_name": "Mastiff",
        "id": "weapon_mastiff",
        "zh_name": "敖犬"
    },
    {
        "en_name": "L-STAR",
        "id": "weapon_lstar",
        "zh_name": "L-STAR"
    },
    {
        "en_name": "Ultimate Accelerant3",
        "id": "accelerant",
        "zh_name": "绝招加速器3"
    },
    {
        "en_name": "Havoc",
        "id": "weapon_havoc",
        "zh_name": "哈沃克"
    },
    {
        "en_name": "Light Mag2",
        "id": "lightammomag2",
        "zh_name": "轻弹夹2"
    },
    {
        "en_name": "Compound Bow",
        "id": "weapon_bow",
        "zh_name": "波塞克"
    },
    {
        "en_name": "Devotion",
        "id": "weapon_devotion",
        "zh_name": "专注轻机枪"
    },
    {
        "en_name": "Triple Take",
        "id": "weapon_triple_take",
        "zh_name": "三重击"
    },
    {
        "en_name": "Shield Cell",
        "id": "shieldbattsmall",
        "zh_name": "小型护盾电池"
    },
    {
        "en_name": "Longbow",
        "id": "weapon_longbow",
        "zh_name": "长弓"
    },
    {
        "en_name": "VK-47 Flatline",
        "id": "weapon_flatline",
        "zh_name": "VK-47"
    },
    {
        "en_name": "1-2x Holo",
        "id": "opticholo1x2x",
        "zh_name": "1-2x 全息"
    },
    {
        "en_name": "Hemlock",
        "id": "weapon_hemlock",
        "zh_name": "汗洛"
    },
    {
        "en_name": "4-8x Sniper Scope",
        "id": "opticsniper4x8x",
        "zh_name": "4-8x 狙击瞄准镜"
    },
    {
        "en_name": "P2020",
        "id": "weapon_p2020",
        "zh_name": "P2020"
    },
    {
        "en_name": "Alternator",
        "id": "weapon_alternator",
        "zh_name": "转换者"
    },
    {
        "en_name": "R-99",
        "id": "weapon_r99",
        "zh_name": "R-99"
    },
    {
        "en_name": "Prowler",
        "id": "weapon_prowler",
        "zh_name": "猎兽"
    },
    {
        "en_name": "Light Ammo",
        "id": "lightammo",
        "zh_name": "轻弹药"
    },
    {
        "en_name": "Volt",
        "id": "weapon_volt",
        "zh_name": "电冲"
    },
    {
        "en_name": "Blue Shield",
        "id": "shieldupgrade1",
        "zh_name": "护甲2"
    },
    {
        "en_name": "Charge Rifle",
        "id": "weapon_charge_rifle",
        "zh_name": "充能步枪"
    },
    {
        "en_name": "2x HCOG",
        "id": "optic2xhcog",
        "zh_name": "2x HCOG"
    },
    {
        "en_name": "Spitfire",
        "id": "weapon_spitfire",
        "zh_name": "喷火"
    },
    {
        "en_name": "R-301",
        "id": "weapon_r301",
        "zh_name": "R-301"
    },
    {
        "en_name": "EVA-8",
        "id": "weapon_eva8",
        "zh_name": "EVA-8"
    },
    {
        "en_name": "Peacekeeper",
        "id": "weapon_peacekeeper",
        "zh_name": "和平"
    },
    {
        "en_name": "Phoenix Kit3",
        "id": "phoenix",
        "zh_name": "凤凰治疗包3"
    },
    {
        "en_name": "Nemesis",
        "id": "weapon_nemesis",
        "zh_name": "复仇女神"
    },
    {
        "en_name": "Syringe",
        "id": "healthsmall",
        "zh_name": "注射器"
    },
    {
        "en_name": "Mozambique",
        "id": "weapon_mozambique",
        "zh_name": "莫桑比克"
    },
    {
        "en_name": "Purple Backpack",
        "id": "heavybackpack",
        "zh_name": "背包3"
    },
    {
        "en_name": "Wingman",
        "id": "weapon_wingman",
        "zh_name": "小帮手"
    },
    {
        "en_name": "RE-45",
        "id": "weapon_re45",
        "zh_name": "RE-45"
    },
    {
        "en_name": "Sentinel",
        "id": "weapon_sentinel",
        "zh_name": "哨兵"
    },
    {
        "en_name": "30-30 Repeater",
        "id": "weapon_3030_repeater",
        "zh_name": "30-30"
    },
    {
        "en_name": "Rampage",
        "id": "weapon_rampage",
        "zh_name": "暴走"
    },
    {
        "en_name": "Sniper Stock3",
        "id": "stocksniper3",
        "zh_name": "狙击枪托3"
    },
    {
        "en_name": "CAR",
        "id": "weapon_car_smg",
        "zh_name": "CAR"
    },
    {
        "en_name": "Sniper Stock1",
        "id": "stocksniper1",
        "zh_name": "狙击枪托1"
    },
    {
        "en_name": "Energy Ammo",
        "id": "energyammo",
        "zh_name": "能量弹药"
    },
    {
        "en_name": "Shotgun Ammo",
        "id": "shotgunammo",
        "zh_name": "霰弹枪弹药"
    },
    {
        "en_name": "Shotgun Bolt2",
        "id": "shotgunbolt2",
        "zh_name": "霰弹枪弹夹2"
    },
    {
        "en_name": "Heavy Ammo",
        "id": "heavyammo",
        "zh_name": "重弹药"
    },
    {
        "en_name": "Sniper Ammo",
        "id": "sniperammo",
        "zh_name": "狙击弹药"
    },
    {
        "en_name": "Large Health Kit2",
        "id": "healthlarge",
        "zh_name": "医药箱2"
    },
    {
        "en_name": "Shield Battery2",
        "id": "shieldbattlarge",
        "zh_name": "大型护盾电池2"
    },
    {
        "en_name": "Blue Helmet",
        "id": "shieldupgradehead1",
        "zh_name": "头盔2"
    },
    {
        "en_name": "Purple Helmet",
        "id": "shieldupgradehead2",
        "zh_name": "头盔3"
    },
    {
        "en_name": "Gold Helmet",
        "id": "shieldupgradehead3",
        "zh_name": "头盔4"
    },
    {
        "en_name": "Purple Shield",
        "id": "shieldupgrade2",
        "zh_name": "护甲3"
    },
    {
        "en_name": "Gold Shield",
        "id": "shieldupgrade3",
        "zh_name": "护甲4"
    },
    {
        "en_name": "Blue Knockdown Shield",
        "id": "shielddown2",
        "zh_name": "击倒护盾2"
    },
    {
        "en_name": "Purple Knockdown Shield",
        "id": "shielddown3",
        "zh_name": "击倒护盾3"
    },
    {
        "en_name": "Gold Knockdown Shield",
        "id": "shielddown4",
        "zh_name": "击倒护盾4"
    },
    {
        "en_name": "White Backpack",
        "id": "lightbackpack",
        "zh_name": "背包1"
    },
    {
        "en_name": "Blue Backpack",
        "id": "medbackpack",
        "zh_name": "背包2"
    },
    {
        "en_name": "Gold Backpack",
        "id": "goldbackpack",
        "zh_name": "背包4"
    },
    {
        "en_name": "Thermite Grenade",
        "id": "grenade_thermite",
        "zh_name": "铝热剂"
    },
    {
        "en_name": "Frag Grenade",
        "id": "grenade_frag",
        "zh_name": "碎片手雷"
    },
    {
        "en_name": "Arc Star",
        "id": "grenade_arc_star",
        "zh_name": "电弧星"
    },
    {
        "en_name": "1x Holo",
        "id": "opticholo1x",
        "zh_name": "1x 全息"
    },
    {
        "en_name": "3x HCOG",
        "id": "optic3xhcog",
        "zh_name": "3x HCOG"
    },
    {
        "en_name": "2-4x Variable Scope",
        "id": "optic2x4x",
        "zh_name": "2-4x 可变瞄准镜"
    },
    {
        "en_name": "6x Sniper Scope",
        "id": "opticsniper6x",
        "zh_name": "6x 狙击瞄准镜"
    },
    {
        "en_name": "10x Sniper Scope",
        "id": "opticsniperthreat",
        "zh_name": "10x 狙击瞄准镜"
    },
    {
        "en_name": "Suppressor1",
        "id": "suppressor1",
        "zh_name": "枪管稳定器1"
    },
    {
        "en_name": "Suppressor2",
        "id": "suppressor2",
        "zh_name": "枪管稳定器2"
    },
    {
        "en_name": "Suppressor3",
        "id": "suppressor3",
        "zh_name": "枪管稳定器3"
    },
    {
        "en_name": "Laser Sight1",
        "id": "lasersight1",
        "zh_name": "激光瞄准器1"
    },
    {
        "en_name": "Laser Sight2",
        "id": "lasersight2",
        "zh_name": "激光瞄准器2"
    },
    {
        "en_name": "Laser Sight3",
        "id": "lasersight3",
        "zh_name": "激光瞄准器3"
    },
    {
        "en_name": "Light Mag1",
        "id": "lightammomag1",
        "zh_name": "轻弹夹1"
    },
    {
        "en_name": "Light Mag3",
        "id": "lightammomag3",
        "zh_name": "轻弹夹3"
    },
    {
        "en_name": "Light Mag4",
        "id": "lightammomag4",
        "zh_name": "轻弹夹4"
    },
    {
        "en_name": "Heavy Mag1",
        "id": "heavyammomag1",
        "zh_name": "重弹夹1"
    },
    {
        "en_name": "Heavy Mag2",
        "id": "heavyammomag2",
        "zh_name": "重弹夹2"
    },
    {
        "en_name": "Heavy Mag3",
        "id": "heavyammomag3",
        "zh_name": "重弹夹3"
    },
    {
        "en_name": "Heavy Mag4",
        "id": "heavyammomag4",
        "zh_name": "重弹夹4"
    },
    {
        "en_name": "Energy Mag1",
        "id": "energyammomag1",
        "zh_name": "能量弹夹1"
    },
    {
        "en_name": "Energy Mag2",
        "id": "energyammomag2",
        "zh_name": "能量弹夹2"
    },
    {
        "en_name": "Energy Mag3",
        "id": "energyammomag3",
        "zh_name": "能量弹夹3"
    },
    {
        "en_name": "Energy Mag4",
        "id": "energyammomag4",
        "zh_name": "能量弹夹4"
    },
    {
        "en_name": "Sniper Mag1",
        "id": "sniperammomag1",
        "zh_name": "狙击弹夹1"
    },
    {
        "en_name": "Sniper Mag2",
        "id": "sniperammomag2",
        "zh_name": "狙击弹夹2"
    },
    {
        "en_name": "Sniper Mag3",
        "id": "sniperammomag3",
        "zh_name": "狙击弹夹3"
    },
    {
        "en_name": "Sniper Mag4",
        "id": "sniperammomag4",
        "zh_name": "狙击弹夹4"
    },
    {
        "en_name": "Shotgun Bolt1",
        "id": "shotgunbolt1",
        "zh_name": "霰弹枪弹夹1"
    },
    {
        "en_name": "Shotgun Bolt3",
        "id": "shotgunbolt3",
        "zh_name": "霰弹枪弹夹3"
    },
    {
        "en_name": "Shotgun Bolt4",
        "id": "shotgunbolt4",
        "zh_name": "霰弹枪弹夹4"
    },
    {
        "en_name": "Tactical Stock1",
        "id": "stockregular1",
        "zh_name": "标准枪托1"
    },
    {
        "en_name": "Tactical Stock2",
        "id": "stockregular2",
        "zh_name": "标准枪托2"
    },
    {
        "en_name": "Tactical Stock3",
        "id": "stockregular3",
        "zh_name": "标准枪托3"
    },
    {
        "en_name": "Sniper Stock2",
        "id": "stocksniper2",
        "zh_name": "狙击枪托2"
    },
    {
        "en_name": "Evo Cache4",
        "id": "evo_cache",
        "zh_name": "进化包4"
    },
    {
        "en_name": "Hammerpoint4",
        "id": "hammer_point",
        "zh_name": "锤击点4"
    },
    {
        "en_name": "Shield Generator4",
        "id": "wep_chip",
        "zh_name": "枪盾产生器4"
    },
    {
        "en_name": "Boosted Loader4",
        "id": "boosted_loader",
        "zh_name": "增强装填器4"
    },
    {
        "en_name": "Evac Tower",
        "id": "evac_tower",
        "zh_name": "撤离塔"
    }
]