{
    "black": [
        {
            "name": "BOT",
            "uid": 0
        },
        {
            "name": "你破防的样子真可爱",
            "uid": 1017989827556
        },
        {
            "name": "Myyz0_0",
            "uid": 1009516387343
        },
        {
            "name": "Bili:Cyan_Dust",
            "uid": 1008972102627
        },
        {
            "name": "Qi_Sama-O",
            "uid": 1014785997461
        },
        {
            "name": "BountyHunter",
            "uid": 1010985691374
        },
        {
            "name": "klee-wowo",
            "uid": 1008795111990
        },
        {
            "name": "TTV_Keria",
            "uid": 2391039195
        },
        {
            "name": "---AyuuuuuMI",
            "uid": 1009015106663
        },
        {
            "name": "Aniacool11",
            "uid": 1009503323697
        },
        {
            "name": "Batrrry",
            "uid": 1009063983966
        },
        {
            "name": "阿兰走路者",
            "uid": 1009001360910
        },
        {
            "name": "Quella",
            "uid": 1011294806014
        },
        {
            "name": "Call me Manbo yet?",
            "uid": 1007557718213
        },
        {
            "name": "jximy",
            "uid": 1010544823166
        },
        {
            "name": "Azigazidanihu",
            "uid": 2830131122
        },
        {
            "name": "TLG_gunnerrr",
            "uid": 1007269461369
        },
        {
            "name": "我精神有问题",
            "uid": 1000732151708
        },
        {
            "name": "TLG_Nitro",
            "uid": 1013202413556
        },
        {
            "name": "TLG_Pogencorp",
            "uid": 1014661391109
        },
        {
            "name": "camelliasee",
            "uid": 1011584445556
        },
        {
            "name": "LukasVampp",
            "uid": 1008225107385
        },
        {
            "name": "LIL_XON_JACK",
            "uid": 1008145572427
        }
    ],
    "white": [
        {
            "name": "BOT",
            "uid": 0
        }
    ]
}